{
  "weights": [
    1.0,
    1.0,
    16.0,
    6.0,
    0.5,
    0.5,
    0.1,
    1.0,
    7.417529160800648
  ],
  "optimal_k": 8,
  "score": 0.5825429285396342
}