{
  "male_age": {
    "mean_": [
      37.9975
    ],
    "var_": [
      59.65449374999999
    ],
    "scale_": [
      7.723632160454043
    ]
  },
  "female_age": {
    "mean_": [
      29.389
    ],
    "var_": [
      46.939679000000005
    ],
    "scale_": [
      6.851253826855345
    ]
  },
  "budget": {
    "scale_": [
      8.336705808723155e-09
    ],
    "min_": [
      -0.16410737023483898
    ]
  },
  "marriage_month_sin": {
    "scale_": [
      0.5
    ],
    "min_": [
      0.5
    ]
  },
  "marriage_month_cos": {
    "scale_": [
      0.5358983848622454
    ],
    "min_": [
      0.5358983848622454
    ]
  },
  "marriage_day_sin": {
    "scale_": [
      0.5006425711499366
    ],
    "min_": [
      0.49999999999999994
    ]
  },
  "marriage_day_cos": {
    "scale_": [
      0.5117342567705325
    ],
    "min_": [
      0.48826574322946753
    ]
  },
  "age_diff": {
    "scale_": [
      0.02564102564102564
    ],
    "min_": [
      0.0
    ]
  },
  "user_cluster_distance": {
    "scale_": [
      0.16499451686197614
    ],
    "min_": [
      -0.08249725843098807
    ]
  }
}