{
  "cluster_0": {
    "age": -0.5652879904835915,
    "budget": 4.102911398757848,
    "mbti_ie": 0.0,
    "mbti_sn": 5.0,
    "mbti_tf": 0.2500000000000008,
    "mbti_jp": 0.0
  },
  "cluster_1": {
    "age": 0.5101446578350493,
    "budget": 11.161299074852415,
    "mbti_ie": 5.0,
    "mbti_sn": 5.0,
    "mbti_tf": 0.33333333333333337,
    "mbti_jp": 5.0
  },
  "cluster_2": {
    "age": -0.6363804111413933,
    "budget": 2.0816209817411506,
    "mbti_ie": 5.0,
    "mbti_sn": 0.0,
    "mbti_tf": 0.24999999999999983,
    "mbti_jp": 5.0
  },
  "cluster_3": {
    "age": 0.49165866186870766,
    "budget": 14.809474800205836,
    "mbti_ie": 0.0,
    "mbti_sn": 0.0,
    "mbti_tf": 0.24999999999999983,
    "mbti_jp": 5.0
  },
  "cluster_4": {
    "age": -0.05230160241754399,
    "budget": 4.102911398757848,
    "mbti_ie": 0.0,
    "mbti_sn": 5.0,
    "mbti_tf": 0.2500000000000008,
    "mbti_jp": 5.0
  },
  "cluster_5": {
    "age": -0.5528984399955102,
    "budget": 7.466241034039635,
    "mbti_ie": 5.0,
    "mbti_sn": 0.0,
    "mbti_tf": 0.25000000000000105,
    "mbti_jp": 0.0
  },
  "cluster_6": {
    "age": -0.9467091519381101,
    "budget": 0.7229639583532794,
    "mbti_ie": 0.0,
    "mbti_sn": 0.0,
    "mbti_tf": 0.24999999999999983,
    "mbti_jp": 0.0
  },
  "cluster_7": {
    "age": 0.13354165490368067,
    "budget": 7.483212763669996,
    "mbti_ie": 0.0,
    "mbti_sn": 0.0,
    "mbti_tf": 0.24999999999999983,
    "mbti_jp": 5.0
  },
  "cluster_8": {
    "age": 0.6627524543231682,
    "budget": 7.466241034039635,
    "mbti_ie": 5.0,
    "mbti_sn": 5.0,
    "mbti_tf": 0.25000000000000105,
    "mbti_jp": 0.0
  },
  "cluster_9": {
    "age": 1.4008156762560329,
    "budget": 12.48418920800761,
    "mbti_ie": 5.0,
    "mbti_sn": 5.0,
    "mbti_tf": 0.5000000000000009,
    "mbti_jp": 0.0
  }
}