{
  "age": {
    "mean_": [
      33.69325
    ],
    "var_": [
      71.8236544375
    ],
    "scale_": [
      8.474883741827966
    ]
  },
  "budget": {
    "scale_": [
      8.336705808723155e-09
    ],
    "min_": [
      -0.16410737023483898
    ]
  },
  "mbti_ie": null,
  "mbti_sn": null,
  "mbti_tf": null,
  "mbti_jp": null
}